"Building","Room Number","Room Tags"
"Academic Quadrangle","1010.1","Washroom, men's, accessible"
"Academic Quadrangle","1011.1","Washroom, women's, accessible"
"Academic Quadrangle","2103","Washroom, men's, accessible"
"Academic Quadrangle","2105","Washroom, women's, accessible"
"Academic Quadrangle","2016","Washroom, single-stall, accessible"
"Academic Quadrangle","2015","Washroom, single-stall, accessible"
"Academic Quadrangle","2022","Washroom, men's"
"Academic Quadrangle","2021","Washroom, women's"
"Academic Quadrangle","2007","Washroom, men's, accessible"
"Academic Quadrangle","2008","Washroom, women's, accessible"
"Academic Quadrangle","3122","Washroom, single-stall, accessible"
"Academic Quadrangle","3123","Washroom, single-stall, accessible"
"Academic Quadrangle","3060","Washroom, single-stall, accessible"
"Academic Quadrangle","3059","Washroom, single-stall, accessible"
"Academic Quadrangle","3137","Washroom, single-stall, accessible"
"Academic Quadrangle","3141A","Washroom, women's, accessible"
"Academic Quadrangle","3141B","Washroom, men's, accessible"
"Academic Quadrangle","3010","Washroom, women's, accessible"
"Academic Quadrangle","3007","Washroom, men's, accessible"
"Academic Quadrangle","3009","Washroom, single-stall, accessible"
"Academic Quadrangle","3158","Washroom, women's, accessible"
"Academic Quadrangle","3157","Washroom, men's, accessible"
"Academic Quadrangle","3141","Washroom, single-stall, accessible"
"Academic Quadrangle","3157.1","Washroom, single-stall, accessible"
"Academic Quadrangle","5041","Washroom, men's, accessible"
"Academic Quadrangle","5043","Washroom, women's, accessible"
"Academic Quadrangle","5032","Washroom, men's, accessible"
"Academic Quadrangle","5031","Washroom, women's, accessible"
"Academic Quadrangle","5084","Washroom, women's"
"Academic Quadrangle","5085","Washroom, men's, accessible"
"Academic Quadrangle","5011","Washroom, men's, accessible"
"Academic Quadrangle","5010","Washroom, women's, accessible"
"Academic Quadrangle","5023","Washroom, women's, accessible"
"Academic Quadrangle","5022","Washroom, men's"
"Academic Quadrangle","5106","Washroom, multi-stall, accessible"
"Academic Quadrangle","5107","Washroom, multi-stall, accessible"
"Academic Quadrangle","5022.1","Washroom, single-stall, accessible"
"Academic Quadrangle","5083","Washroom, single-stall, accessible"
"Academic Quadrangle","5011.1","Washroom, single-stall"
"Academic Quadrangle","6124","Washroom, men's"
"Academic Quadrangle","6123","Washroom, women's"
"Academic Quadrangle","6185","Washroom, men's, accessible"
"Academic Quadrangle","6186","Washroom, women's, accessible"
"Academic Quadrangle","6064","Washroom, men's"
"Academic Quadrangle","6063","Washroom, women's"
"Academic Quadrangle","6029","Washroom, single-stall"
"Academic Quadrangle","6030","Washroom, single-stall, accessible"
"Academic Quadrangle","6211","Washroom, women's"
"Academic Quadrangle","6212","Washroom, men's"
"Academic Quadrangle","6213","Washroom, single-stall, accessible"
"611 Alexander","104","Washroom, men's"
"611 Alexander","103","Washroom, women's"
"ACF","105","Washroom, women's"
"ACF","104","Washroom, men's"
"Alcan Aquatic Research Centre","101","Washroom, single-stall"
"Applied Sciences Building","892","Washroom, men's, accessible"
"Applied Sciences Building","894","Washroom, women's, accessible"
"Applied Sciences Building","890","Washroom, single-stall, accessible"
"Applied Sciences Building","990","Washroom, women's"
"Applied Sciences Building","994","Washroom, men's"
"Applied Sciences Building","996","Washroom, single-stall, accessible"
"Applied Sciences Building","1085.1","Washroom, single-stall, accessible"
"Applied Sciences Building","1085","Washroom, men's, accessible"
"Applied Sciences Building","1084.1","Washroom, single-stall, accessible"
"Applied Sciences Building","1084","Washroom, women's, accessible"
"Barbara Rae House","137","Washroom, men's"
"Barbara Rae House","139","Washroom, women's"
"Barbara Rae House","217","Washroom, residences"
"Barbara Rae House","237","Washroom, residences"
"Barbara Rae House","317","Washroom, residences"
"Barbara Rae House","337","Washroom, residences"
"Barbara Rae House","417","Washroom, residences"
"Barbara Rae House","437","Washroom, residences"
"Barbara Rae House","517","Washroom, residences"
"Barbara Rae House","537","Washroom, residences"
"Barbara Rae House","617","Washroom, residences"
"Barbara Rae House","637","Washroom, residences"
"Barbara Rae House","717","Washroom, residences"
"Barbara Rae House","737","Washroom, residences"
"Barbara Rae House","837","Washroom, residences"
"Bee Research Building","4010","Washroom, single-stall"
"Beedie Field Concession","102","Washroom, women's"
"Beedie Field Concession","104","Washroom, men's"
"Blusson Hall","9705","Washroom, single-stall, accessible"
"Blusson Hall","9707","Washroom, single-stall, accessible"
"Blusson Hall","9667","Washroom, men's, accessible"
"Blusson Hall","9669","Washroom, women's, accessible"
"Blusson Hall","10667","Washroom, men's, accessible"
"Blusson Hall","10669","Washroom, women's, accessible"
"Blusson Hall","10707","Washroom, single-stall, accessible"
"Blusson Hall","11707","Washroom, single-stall, accessible"
"Blusson Hall","11667","Washroom, men's, accessible"
"Blusson Hall","11669","Washroom, women's, accessible"
"Burnaby Mountain District Energy Utility","L2-12","Washroom, accessible"
"Burnaby Mountain District Energy Utility","L2-11","Washroom, accessible"
"Charles Chang Innovation Centre","200.10","Washroom, single-stall"
"Charles Chang Innovation Centre","200.11","Washroom, single-stall, accessible"
"Charles Chang Innovation Centre","200.12","Washroom, single-stall, accessible"
"Charles Chang Innovation Centre","200.13","Washroom, single-stall"
"Charles Chang Innovation Centre","313.1","Washroom, residences"
"Charles Chang Innovation Centre","301.1","Washroom, residences"
"Charles Chang Innovation Centre","312.1","Washroom, residences"
"Charles Chang Innovation Centre","311.1","Washroom, residences"
"Charles Chang Innovation Centre","302.1","Washroom, residences"
"Charles Chang Innovation Centre","310.1","Washroom, residences"
"Charles Chang Innovation Centre","308.1","Washroom, residences"
"Charles Chang Innovation Centre","307.1","Washroom, residences"
"Charles Chang Innovation Centre","305.1","Washroom, residences"
"Charles Chang Innovation Centre","309.1","Washroom, residences"
"Charles Chang Innovation Centre","306.1","Washroom, residences"
"Charles Chang Innovation Centre","304.1","Washroom, residences"
"Charles Chang Innovation Centre","303.1","Washroom, residences"
"Charles Chang Innovation Centre","413.1","Washroom, residences"
"Charles Chang Innovation Centre","401.1","Washroom, residences"
"Charles Chang Innovation Centre","412..1","Washroom, residences"
"Charles Chang Innovation Centre","411.1","Washroom, residences"
"Charles Chang Innovation Centre","402.1","Washroom, residences"
"Charles Chang Innovation Centre","410.1","Washroom, residences"
"Charles Chang Innovation Centre","408.1","Washroom, residences"
"Charles Chang Innovation Centre","407.1","Washroom, residences"
"Charles Chang Innovation Centre","405.1","Washroom, residences"
"Charles Chang Innovation Centre","409.1","Washroom, residences"
"Charles Chang Innovation Centre","406.1","Washroom, residences"
"Charles Chang Innovation Centre","404.1","Washroom, residences"
"Charles Chang Innovation Centre","403.1","Washroom, residences"
"Charles Chang Innovation Centre","513.1","Washroom, residences"
"Charles Chang Innovation Centre","501.1","Washroom, residences"
"Charles Chang Innovation Centre","512.1","Washroom, residences"
"Charles Chang Innovation Centre","511.1","Washroom, residences"
"Charles Chang Innovation Centre","502.1","Washroom, residences"
"Charles Chang Innovation Centre","510.1","Washroom, residences"
"Charles Chang Innovation Centre","508.1","Washroom, residences"
"Charles Chang Innovation Centre","507.1","Washroom, residences"
"Charles Chang Innovation Centre","505.1","Washroom, residences"
"Charles Chang Innovation Centre","509.1","Washroom, residences"
"Charles Chang Innovation Centre","506.1","Washroom, residences"
"Charles Chang Innovation Centre","504.1","Washroom, residences"
"Charles Chang Innovation Centre","503.1","Washroom, residences"
"Charles Chang Innovation Centre","613.1","Washroom, residences"
"Charles Chang Innovation Centre","601.1","Washroom, residences"
"Charles Chang Innovation Centre","612.1","Washroom, residences"
"Charles Chang Innovation Centre","611.1","Washroom, residences"
"Charles Chang Innovation Centre","602.1","Washroom, residences"
"Charles Chang Innovation Centre","610.1","Washroom, residences"
"Charles Chang Innovation Centre","608.1","Washroom, residences"
"Charles Chang Innovation Centre","607.1","Washroom, residences"
"Charles Chang Innovation Centre","605.1","Washroom, residences"
"Charles Chang Innovation Centre","609.1","Washroom, residences"
"Charles Chang Innovation Centre","606.1","Washroom, residences"
"Charles Chang Innovation Centre","604.1","Washroom, residences"
"Charles Chang Innovation Centre","603.1","Washroom, residences"
"Childcare Centre","4151","Washroom, single-stall"
"Childcare Centre","4152A","Washroom, single-stall"
"Childcare Centre","4218","Washroom, single-stall"
"Childcare Centre","4251","Washroom, single-stall"
"Childcare Centre","4201","Washroom, single-stall"
"Childcare Centre","4211","Washroom, single-stall"
"Convocation Mall","204.2","Washroom, single-stall"
"Convocation Mall","204.1","Washroom, men's"
"Convocation Mall","211.2","Washroom, single-stall, accessible"
"Convocation Mall","211.1","Washroom, single-stall"
"Convocation Mall","311.1","Washroom, single-stall"
"Convocation Mall","311.2","Washroom, single-stall, accessible"
"Convocation Mall","325.2","Washroom, single-stall, accessible"
"Convocation Mall","325.1","Washroom, single-stall"
"Cornerstone","101.3","Washroom, single-stall"
"Courtyard Residence","1002","Washroom, accessible"
"Courtyard Residence","2025","Washroom, single-stall"
"Courtyard Residence","2027","Washroom, single-stall"
"Courtyard Residence","2029","Washroom, accessible"
"Courtyard Residence","2014","Washroom, accessible"
"Courtyard Residence","2213","Washroom, accessible"
"Courtyard Residence","2211","Washroom, single-stall"
"Courtyard Residence","2217","Washroom, single-stall"
"Courtyard Residence","2215","Washroom, accessible"
"Courtyard Residence","3246","Washroom, accessible"
"Courtyard Residence","3204","Washroom, accessible"
"Courtyard Residence","3020W","Washroom, residences"
"Courtyard Residence","3018W","Washroom, residences"
"Courtyard Residence","3014W","Washroom, residences"
"Courtyard Residence","3016W","Washroom, residences"
"Courtyard Residence","3012W","Washroom, residences"
"Courtyard Residence","3010W","Washroom, residences"
"Courtyard Residence","3008W","Washroom, residences"
"Courtyard Residence","3006W","Washroom, residences"
"Courtyard Residence","3019W","Washroom, residences"
"Courtyard Residence","3017W","Washroom, residences"
"Courtyard Residence","3015W","Washroom, residences"
"Courtyard Residence","3013W","Washroom, residences"
"Courtyard Residence","3009W","Washroom, residences"
"Courtyard Residence","3011W","Washroom, residences"
"Courtyard Residence","3007W","Washroom, residences"
"Courtyard Residence","3005W","Washroom, residences"
"Courtyard Residence","3001W","Washroom, residences"
"Courtyard Residence","4246","Washroom, accessible"
"Courtyard Residence","4204","Washroom, accessible"
"Courtyard Residence","4004W","Washroom, residences"
"Courtyard Residence","4002W","Washroom, residences"
"Courtyard Residence","5246","Washroom, accessible"
"Courtyard Residence","5204","Washroom, accessible"
"Courtyard Residence","6246","Washroom, accessible"
"Courtyard Residence","6204","Washroom, accessible"
"Courtyard Residence","7246","Washroom, accessible"
"Courtyard Residence","7204","Washroom, accessible"
"Courtyard Residence","8246","Washroom, accessible"
"Courtyard Residence","8204","Washroom, accessible"
"Courtyard Residence","9246","Washroom, accessible"
"Courtyard Residence","9204","Washroom, accessible"
"Courtyard Residence","10246","Washroom, accessible"
"Courtyard Residence","10204","Washroom, accessible"
"Courtyard Residence","11246","Washroom, accessible"
"Courtyard Residence","11204","Washroom, accessible"
"Diamond Alumni Centre","03.1","Washroom, single-stall"
"Diamond Alumni Centre","03","Washroom, single-stall"
"Diamond Alumni Centre","04","Washroom, women's"
"Diamond Alumni Centre","05","Washroom, men's"
"Diamond Alumni Centre","111","Washroom, single-stall, accessible"
"Diamond Alumni Centre","116","Washroom, men's, accessible"
"Diamond Alumni Centre","115","Washroom, women's, accessible"
"Dining Commons","1023","Washroom, men's"
"Dining Commons","114","Washroom, single-stall"
"Dining Commons","115","Washroom, single-stall"
"Dining Commons","1024","Washroom, women's"
"Dining Commons","1026","Washroom, accessible"
"Dining Commons","210","Washroom, single-stall"
"Dining Commons","206","Washroom, men's"
"Dining Commons","205","Washroom, accessible"
"Dining Commons","204","Washroom, women's"
"Dining Commons","2029","Washroom, single-stall"
"Discovery 1","1003","Washroom, women's"
"Discovery 1","1002","Washroom, men's"
"Discovery 1","1502","Washroom, men's, accessible"
"Discovery 1","1351","Washroom, men's, accessible"
"Discovery 1","1350","Washroom, women's, accessible"
"Discovery 1","1398","Washroom, single-stall, accessible"
"Discovery 1","1222","Washroom, single-stall"
"Discovery 1","150.3","Washroom, single-stall, accessible"
"Discovery 1","1504","Washroom, women's, accessible"
"Discovery 1","2003","Washroom, men's, accessible"
"Discovery 1","2132","Washroom, women's, accessible"
"Discovery 1","2002.1","Washroom, single-stall, accessible"
"Discovery 1","2002","Washroom, women's, accessible"
"Discovery 1","2131","Washroom, men's, accessible"
"Discovery 1","3021","Washroom, women's, accessible"
"Discovery 1","3022","Washroom, men's"
"Discovery 2","102","Washroom, single-stall, accessible"
"Discovery 2","209","Washroom, women's"
"Discovery 2","207","Washroom, men's"
"Discovery 2","204","Washroom, single-stall, accessible"
"Discovery 2","139","Washroom, men's"
"Discovery 2","138","Washroom, women's"
"East Concourse Cafeteria","3164","Washroom, men's"
"East Concourse Cafeteria","3165","Washroom, women's"
"Education Building","763","Washroom, men's, accessible"
"Education Building","762","Washroom, women's, accessible"
"Education Building","755","Washroom, men's, accessible"
"Education Building","754","Washroom, women's, accessible"
"Education Building","763.1","Washroom, single-stall"
"Education Building","843","Washroom, men's"
"Education Building","842","Washroom, women's"
"Education Building","863","Washroom, women's, accessible"
"Education Building","862","Washroom, men's, accessible"
"Education Building","864","Washroom, single-stall, accessible"
"Education Building","953","Washroom, men's, accessible"
"Education Building","952","Washroom, women's, accessible"
"Facilities Services","169","Washroom, women's"
"Facilities Services","168","Washroom, men's"
"Facilities Services","124C","Washroom, single-stall"
"Facilities Services","166","Washroom, single-stall, accessible"
"Facilities Services","117","Washroom, women's"
"Facilities Services","118","Washroom, men's"
"First Peoples Gathering House","104","Washroom, single-stall"
"First Peoples Gathering House","106","Washroom, accessible"
"First Peoples Gathering House","1012.2","Washroom, accessible"
"First Peoples Gathering House","1012","Washroom, single-stall"
"Gibson Art Museum","1106","Washroom, accessible"
"Gibson Art Museum","1003","Washroom, accessible"
"Gibson Art Museum","1005","Washroom, single-stall"
"Goldcorp Centre for the Arts","2140","Washroom, women's"
"Goldcorp Centre for the Arts","2160","Washroom, men's"
"Goldcorp Centre for the Arts","2915","Washroom, single-stall, accessible"
"Goldcorp Centre for the Arts","2925","Washroom, single-stall, accessible"
"Goldcorp Centre for the Arts","2930","Washroom, men's"
"Goldcorp Centre for the Arts","2935","Washroom, single-stall, accessible"
"Goldcorp Centre for the Arts","2950","Washroom, single-stall, accessible"
"Goldcorp Centre for the Arts","2945","Washroom, women's"
"Goldcorp Centre for the Arts","3140","Washroom, women's"
"Goldcorp Centre for the Arts","3160","Washroom, men's"
"Goldcorp Centre for the Arts","4140","Washroom, women's"
"Goldcorp Centre for the Arts","4160","Washroom, men's"
"Goldcorp Centre for the Arts","4920","Washroom, single-stall"
"Goldcorp Centre for the Arts","4930","Washroom, single-stall"
"Goldcorp Centre for the Arts","B2590","Washroom, single-stall"
"Goldcorp Centre for the Arts","B2310","Washroom, single-stall, accessible"
"Goldcorp Centre for the Arts","B2320","Washroom, women's"
"Goldcorp Centre for the Arts","B2340","Washroom, men's"
"Goldcorp Centre for the Arts","B2565","Washroom, single-stall"
"Greenhouses","02-07","Washroom, single-stall"
"Greenhouses","05-104","Washroom, single-stall"
"Halpern Centre","124","Washroom, men's, accessible"
"Halpern Centre","112","Washroom, women's, accessible"
"Hamilton Hall","1012","Washroom, residences"
"Hamilton Hall","0111","Washroom, residences"
"Harbour Centre Campus","325","Washroom, men's"
"Harbour Centre Campus","323","Washroom, women's"
"Harbour Centre Campus","306","Washroom, single-stall"
"Harbour Centre Campus","165","Washroom, men's"
"Harbour Centre Campus","171","Washroom, women's"
"Harbour Centre Campus","170","Washroom, single-stall, accessible"
"Harbour Centre Campus","BS004","Washroom, single-stall"
"Harbour Centre Campus","1560","Washroom, single-stall, accessible"
"Harbour Centre Campus","1552","Washroom, women's"
"Harbour Centre Campus","1572","Washroom, men's"
"Harbour Centre Campus","1020","Washroom, single-stall"
"Harbour Centre Campus","1364","Washroom, single-stall, accessible"
"Harbour Centre Campus","1260","Washroom, single-stall"
"Harbour Centre Campus","1368","Washroom, single-stall"
"Harbour Centre Campus","2932","Washroom, women's"
"Harbour Centre Campus","2922","Washroom, men's"
"Harbour Centre Campus","2918","Washroom, single-stall, accessible"
"Harbour Centre Campus","2192","Washroom, men's"
"Harbour Centre Campus","2182","Washroom, women's"
"Harbour Centre Campus","2085","Washroom, single-stall"
"Harbour Centre Campus","2075","Washroom, single-stall"
"Harbour Centre Campus","3282","Washroom, women's"
"Harbour Centre Campus","3290","Washroom, men's"
"Harbour Centre Campus","7085","Washroom, single-stall"
"Harbour Centre Campus","7197","Washroom, women's"
"Harbour Centre Campus","7191","Washroom, men's"
"Harbour Centre Tower","1100.6","Washroom, women's"
"Harbour Centre Tower","1100.3","Washroom, men's"
"Harbour Centre Tower","1200.6","Washroom, women's"
"Harbour Centre Tower","1200.3","Washroom, men's"
"Harbour Centre Tower","2896","Washroom, men's"
"Harbour Centre Tower","2895","Washroom, women's"
"Harbour Centre Tower","2894","Washroom, single-stall"
"Innovation Plaza","1001","Washroom, single-stall"
"Innovation Plaza","2007","Washroom, men's"
"Innovation Plaza","2006","Washroom, women's"
"Lorne Davies Complex","024","Washroom, women's"
"Lorne Davies Complex","015","Washroom, men's"
"Lorne Davies Complex","044","Washroom, men's"
"Lorne Davies Complex","023","Washroom, women's"
"Lorne Davies Complex","033","Washroom, men's"
"Lorne Davies Complex","011","Washroom, women's"
"Lorne Davies Complex","065","Washroom, men's"
"Lorne Davies Complex","081","Washroom, men's"
"Lorne Davies Complex","067","Washroom, women's"
"Lorne Davies Complex","0-03","Washroom, men's"
"Lorne Davies Complex","0-02","Washroom, women's"
"Lorne Davies Complex","0-04","Washroom, single-stall, accessible"
"Lorne Davies Complex","077A","Washroom, women's"
"Lorne Davies Complex","087.1","Washroom, men's"
"Lorne Davies Complex","116","Washroom, single-stall, accessible"
"Lorne Davies Complex","1-20","Washroom, women's, accessible"
"Lorne Davies Complex","1-02","Washroom, men's, accessible"
"Lorne Davies Complex","127","Washroom, single-stall, accessible"
"Lorne Davies Complex","210","Washroom, women's"
"Lorne Davies Complex","208","Washroom, men's"
"Lorne Davies Complex","407","Washroom, single-stall"
"Lorne Davies Complex","406","Washroom, single-stall"
"Lot 21 East Building","101W","Washroom, residences"
"Lot 21 East Building","107W","Washroom, residences"
"Lot 21 East Building","103W","Washroom, residences"
"Lot 21 East Building","102W","Washroom, residences"
"Lot 21 East Building","106W","Washroom, residences"
"Lot 21 East Building","104W","Washroom, residences"
"Lot 21 East Building","105W","Washroom, residences"
"Lot 21 East Building","201W","Washroom, residences"
"Lot 21 East Building","208W","Washroom, residences"
"Lot 21 East Building","202W","Washroom, residences"
"Lot 21 East Building","203W","Washroom, residences"
"Lot 21 East Building","204W","Washroom, residences"
"Lot 21 East Building","207W","Washroom, residences"
"Lot 21 East Building","206W","Washroom, residences"
"Lot 21 East Building","205W","Washroom, residences"
"Lot 21 East Building","301W","Washroom, residences"
"Lot 21 East Building","308W","Washroom, residences"
"Lot 21 East Building","302W","Washroom, residences"
"Lot 21 East Building","303W","Washroom, residences"
"Lot 21 East Building","304W","Washroom, residences"
"Lot 21 East Building","307W","Washroom, residences"
"Lot 21 East Building","306W","Washroom, residences"
"Lot 21 East Building","305W","Washroom, residences"
"Lot 21 East Building","401W","Washroom, residences"
"Lot 21 East Building","408W","Washroom, residences"
"Lot 21 East Building","402W","Washroom, residences"
"Lot 21 East Building","403W","Washroom, residences"
"Lot 21 East Building","404W","Washroom, residences"
"Lot 21 East Building","407W","Washroom, residences"
"Lot 21 East Building","406W","Washroom, residences"
"Lot 21 East Building","405W","Washroom, residences"
"Lot 21 East Building","501W","Washroom, residences"
"Lot 21 East Building","508W","Washroom, residences"
"Lot 21 East Building","502W","Washroom, residences"
"Lot 21 East Building","503W","Washroom, residences"
"Lot 21 East Building","504W","Washroom, residences"
"Lot 21 East Building","507W","Washroom, residences"
"Lot 21 East Building","506W","Washroom, residences"
"Lot 21 East Building","505W","Washroom, residences"
"Lot 21 East Building","601W","Washroom, residences"
"Lot 21 East Building","608W","Washroom, residences"
"Lot 21 East Building","602W","Washroom, residences"
"Lot 21 East Building","603W","Washroom, residences"
"Lot 21 East Building","604W","Washroom, residences"
"Lot 21 East Building","607W","Washroom, residences"
"Lot 21 East Building","606W","Washroom, residences"
"Lot 21 East Building","605W","Washroom, residences"
"Lot 21 West Building & The Pavilion","110W","Washroom, residences"
"Lot 21 West Building & The Pavilion","109W","Washroom, residences"
"Lot 21 West Building & The Pavilion","108W","Washroom, residences"
"Lot 21 West Building & The Pavilion","106W","Washroom, residences"
"Lot 21 West Building & The Pavilion","161","Washroom, residences"
"Lot 21 West Building & The Pavilion","162","Washroom, residences"
"Lot 21 West Building & The Pavilion","163","Washroom, residences"
"Lot 21 West Building & The Pavilion","104W","Washroom, residences"
"Lot 21 West Building & The Pavilion","102W","Washroom, residences"
"Lot 21 West Building & The Pavilion","101W","Washroom, residences"
"Lot 21 West Building & The Pavilion","103W","Washroom, residences"
"Lot 21 West Building & The Pavilion","107W","Washroom, residences"
"Lot 21 West Building & The Pavilion","105W","Washroom, residences"
"Lot 21 West Building & The Pavilion","210W","Washroom, residences"
"Lot 21 West Building & The Pavilion","211W","Washroom, residences"
"Lot 21 West Building & The Pavilion","208W","Washroom, residences"
"Lot 21 West Building & The Pavilion","206W","Washroom, residences"
"Lot 21 West Building & The Pavilion","204W","Washroom, residences"
"Lot 21 West Building & The Pavilion","202W","Washroom, residences"
"Lot 21 West Building & The Pavilion","201W","Washroom, residences"
"Lot 21 West Building & The Pavilion","205W","Washroom, residences"
"Lot 21 West Building & The Pavilion","203W","Washroom, residences"
"Lot 21 West Building & The Pavilion","209W","Washroom, residences"
"Lot 21 West Building & The Pavilion","207W","Washroom, residences"
"Lot 21 West Building & The Pavilion","310W","Washroom, residences"
"Lot 21 West Building & The Pavilion","311W","Washroom, residences"
"Lot 21 West Building & The Pavilion","308W","Washroom, residences"
"Lot 21 West Building & The Pavilion","306W","Washroom, residences"
"Lot 21 West Building & The Pavilion","304W","Washroom, residences"
"Lot 21 West Building & The Pavilion","302W","Washroom, residences"
"Lot 21 West Building & The Pavilion","301W","Washroom, residences"
"Lot 21 West Building & The Pavilion","305W","Washroom, residences"
"Lot 21 West Building & The Pavilion","303W","Washroom, residences"
"Lot 21 West Building & The Pavilion","309W","Washroom, residences"
"Lot 21 West Building & The Pavilion","307W","Washroom, residences"
"Lot 21 West Building & The Pavilion","410W","Washroom, residences"
"Lot 21 West Building & The Pavilion","411W","Washroom, residences"
"Lot 21 West Building & The Pavilion","408W","Washroom, residences"
"Lot 21 West Building & The Pavilion","406W","Washroom, residences"
"Lot 21 West Building & The Pavilion","404W","Washroom, residences"
"Lot 21 West Building & The Pavilion","402W","Washroom, residences"
"Lot 21 West Building & The Pavilion","401W","Washroom, residences"
"Lot 21 West Building & The Pavilion","405W","Washroom, residences"
"Lot 21 West Building & The Pavilion","403W","Washroom, residences"
"Lot 21 West Building & The Pavilion","409W","Washroom, residences"
"Lot 21 West Building & The Pavilion","407W","Washroom, residences"
"Maggie Benston Centre","0327","Washroom, single-stall, accessible"
"Maggie Benston Centre","0204","Washroom, single-stall, accessible"
"Maggie Benston Centre","0120","Washroom, single-stall, accessible"
"Maggie Benston Centre","0119","Washroom, single-stall, accessible"
"Maggie Benston Centre","042","Washroom, women's"
"Maggie Benston Centre","043","Washroom, men's, accessible"
"Maggie Benston Centre","0177","Washroom, single-stall, accessible"
"Maggie Benston Centre","0117","Washroom, single-stall, accessible"
"Maggie Benston Centre","0115","Washroom, single-stall, accessible"
"Maggie Benston Centre","0024","Washroom, women's, accessible"
"Maggie Benston Centre","0022","Washroom, men's, accessible"
"Maggie Benston Centre","142","Washroom, women's, accessible"
"Maggie Benston Centre","143","Washroom, men's, accessible"
"Maggie Benston Centre","147","Washroom, single-stall"
"Maggie Benston Centre","249","Washroom, women's, accessible"
"Maggie Benston Centre","250","Washroom, men's, accessible"
"Maggie Benston Centre","0242","Washroom, women's, accessible"
"Maggie Benston Centre","0243","Washroom, men's, accessible"
"Maggie Benston Centre","2908","Washroom, men's"
"Maggie Benston Centre","2907","Washroom, women's"
"Maggie Benston Centre","247","Washroom, single-stall"
"Maggie Benston Centre","351","Washroom, men's, accessible"
"Maggie Benston Centre","349","Washroom, women's, accessible"
"Maggie Benston Centre","0342","Washroom, women's, accessible"
"Maggie Benston Centre","0343","Washroom, men's, accessible"
"Maggie Benston Centre","3904","Washroom, men's"
"Maggie Benston Centre","3905","Washroom, women's"
"Maggie Benston Centre","348","Washroom, single-stall"
"Maggie Benston Centre","411","Washroom, women's, accessible"
"Maggie Benston Centre","410","Washroom, men's, accessible"
"McTaggart-Cowan Hall","227","Washroom, residences"
"McTaggart-Cowan Hall","248","Washroom, residences"
"McTaggart-Cowan Hall","242","Washroom, residences"
"McTaggart-Cowan Hall","243","Washroom, residences"
"McTaggart-Cowan Hall","221","Washroom, residences"
"McTaggart-Cowan Hall","222","Washroom, residences"
"McTaggart-Cowan Hall","207.1","Washroom, residences"
"McTaggart-Cowan Hall","208","Washroom, residences"
"McTaggart-Cowan Hall","207","Washroom, residences"
"McTaggart-Cowan Hall","208.1","Washroom, residences"
"McTaggart-Cowan Hall","202","Washroom, residences"
"McTaggart-Cowan Hall","327","Washroom, residences"
"McTaggart-Cowan Hall","348","Washroom, residences"
"McTaggart-Cowan Hall","342","Washroom, residences"
"McTaggart-Cowan Hall","343","Washroom, residences"
"McTaggart-Cowan Hall","321","Washroom, residences"
"McTaggart-Cowan Hall","322","Washroom, residences"
"McTaggart-Cowan Hall","307","Washroom, residences"
"McTaggart-Cowan Hall","308","Washroom, residences"
"McTaggart-Cowan Hall","302","Washroom, residences"
"McTaggart-Cowan Hall","448","Washroom, residences"
"McTaggart-Cowan Hall","407","Washroom, residences"
"McTaggart-Cowan Hall","443","Washroom, residences"
"McTaggart-Cowan Hall","442","Washroom, residences"
"McTaggart-Cowan Hall","427","Washroom, residences"
"McTaggart-Cowan Hall","422","Washroom, residences"
"McTaggart-Cowan Hall","421","Washroom, residences"
"McTaggart-Cowan Hall","408","Washroom, residences"
"McTaggart-Cowan Hall","402","Washroom, residences"
"Morris J Wosk Centre for Dialogue","034","Washroom, men's"
"Morris J Wosk Centre for Dialogue","049","Washroom, single-stall"
"Morris J Wosk Centre for Dialogue","054","Washroom, women's"
"Morris J Wosk Centre for Dialogue","288","Washroom, single-stall"
"Morris J Wosk Centre for Dialogue","278","Washroom, single-stall"
"Morris J Wosk Centre for Dialogue","378","Washroom, women's"
"Morris J Wosk Centre for Dialogue","388","Washroom, men's"
"Morris J Wosk Centre for Dialogue","478","Washroom, women's"
"Morris J Wosk Centre for Dialogue","488","Washroom, men's"
"Pauline Jewett House","217","Washroom, residences"
"Pauline Jewett House","237","Washroom, residences"
"Pauline Jewett House","317","Washroom, residences"
"Pauline Jewett House","337","Washroom, residences"
"Pauline Jewett House","417","Washroom, residences"
"Pauline Jewett House","437","Washroom, residences"
"Pauline Jewett House","517","Washroom, residences"
"Pauline Jewett House","537","Washroom, residences"
"Pauline Jewett House","617","Washroom, residences"
"Pauline Jewett House","637","Washroom, residences"
"Pauline Jewett House","717","Washroom, residences"
"Pauline Jewett House","737","Washroom, residences"
"Pauline Jewett House","837","Washroom, residences"
"Pauline Jewett House","817","Washroom, residences"
"Residence Phase 1 East Building","1006","Washroom, accessible"
"Residence Phase 1 East Building","2005","Washroom, single-stall"
"Residence Phase 1 East Building","2011","Washroom, accessible"
"Residence Phase 1 East Building","2009","Washroom, accessible"
"Residence Phase 1 East Building","3062","Washroom, residences"
"Residence Phase 1 East Building","4062","Washroom, residences"
"Residence Phase 1 East Building","5062","Washroom, residences"
"Residence Phase 1 East Building","6062","Washroom, residences"
"Residence Phase 1 East Building","7021","Washroom, residences"
"Residence Phase 1 West Building","1001W2","Washroom, residences"
"Residence Phase 1 West Building","1008","Washroom, accessible"
"Residence Phase 1 West Building","1001W1","Washroom, residences"
"Residence Phase 1 West Building","2069","Washroom, accessible"
"Residence Phase 1 West Building","2063","Washroom, single-stall"
"Residence Phase 1 West Building","2067","Washroom, accessible"
"Residence Phase 1 West Building","2065","Washroom, single-stall"
"Residence Phase 1 West Building","2041W1","Washroom, residences"
"Residence Phase 1 West Building","2041W2","Washroom, residences"
"Residence Phase 1 West Building","2023","Washroom, residences"
"Residence Phase 1 West Building","3023","Washroom, residences"
"Residence Phase 1 West Building","4062","Washroom, residences"
"Residence Phase 1 West Building","5062","Washroom, residences"
"Residence Phase 1 West Building","6062","Washroom, residences"
"Residence Phase 1 West Building","7062","Washroom, residences"
"Residence Phase 1 West Building","8021","Washroom, residences"
"Robert C. Brown Hall","421","Washroom, men's"
"Robert C. Brown Hall","513","Washroom, men's"
"Robert C. Brown Hall","613","Washroom, men's, accessible"
"Robert C. Brown Hall","434","Washroom, women's, accessible"
"Robert C. Brown Hall","435","Washroom, accessible"
"Robert C. Brown Hall","533","Washroom, women's"
"Robert C. Brown Hall","534","Washroom, single-stall, accessible"
"Robert C. Brown Hall","633","Washroom, women's"
"Robert C. Brown Hall","634","Washroom, single-stall, accessible"
"Robert C. Brown Hall","721","Washroom, men's"
"Robert C. Brown Hall","722","Washroom, women's"
"Robert C. Brown Hall","743","Washroom, single-stall, accessible"
"Robert C. Brown Hall","744","Washroom, single-stall, accessible"
"Robert C. Brown Hall","521","Washroom, women's"
"Robert C. Brown Hall","622","Washroom, women's"
"Robert C. Brown Hall","725","Washroom, women's, accessible"
"Robert C. Brown Hall","539","Washroom, men's, accessible"
"Robert C. Brown Hall","736.1","Washroom, single-stall, accessible"
"Robert C. Brown Hall","639.1","Washroom, single-stall, accessible"
"Robert C. Brown Hall","821","Washroom, women's, accessible"
"Robert C. Brown Hall","823","Washroom, men's, accessible"
"Robert C. Brown Hall","639","Washroom, single-stall, accessible"
"Robert C. Brown Hall","736","Washroom, single-stall, accessible"
"Robert C. Brown Hall","924","Washroom, women's"
"Robert C. Brown Hall","925","Washroom, men's"
"Saywell Hall","921","Washroom, single-stall"
"Saywell Hall","9301.1","Washroom, single-stall"
"Saywell Hall","906","Washroom, women's, accessible"
"Saywell Hall","907","Washroom, single-stall, accessible"
"Saywell Hall","908","Washroom, men's, accessible"
"Saywell Hall","905","Washroom, single-stall, accessible"
"Saywell Hall","108","Washroom, single-stall, accessible"
"Saywell Hall","109","Washroom, single-stall, accessible"
"Saywell Hall","104","Washroom, single-stall"
"Saywell Hall","103","Washroom, men's, accessible"
"Saywell Hall","102","Washroom, single-stall, accessible"
"Saywell Hall","101","Washroom, women's, accessible"
"Science Research Annex","101","Washroom, single-stall, accessible"
"Segal Graduate School of Business","0520","Washroom, women's"
"Segal Graduate School of Business","0610","Washroom, single-stall, accessible"
"Segal Graduate School of Business","0530","Washroom, men's"
"Segal Graduate School of Business","0620.1","Washroom, men's"
"Segal Graduate School of Business","1640","Washroom, men's"
"Segal Graduate School of Business","1540","Washroom, women's"
"Segal Graduate School of Business","2610","Washroom, men's"
"Segal Graduate School of Business","2510","Washroom, women's"
"Segal Graduate School of Business","3635","Washroom, women's"
"Segal Graduate School of Business","3550","Washroom, men's"
"Segal Graduate School of Business","4485","Washroom, women's"
"Segal Graduate School of Business","4785","Washroom, men's"
"SFU Stadium","0-42","Washroom, women's"
"SFU Stadium","0-46","Washroom, men's"
"SFU Stadium","0-47","Washroom, women's"
"SFU Stadium","00-44F","Washroom, men's"
"SFU Stadium","00-52","Washroom, accessible"
"SFU Stadium","00-53","Washroom, accessible"
"SFU Stadium","146","Washroom, accessible"
"SFU Stadium","145","Washroom, accessible"
"SFU Stadium","143","Washroom, single-stall"
"Shadbolt House","139","Washroom, women's"
"Shadbolt House","137","Washroom, men's"
"Shadbolt House","217","Washroom, residences"
"Shadbolt House","237","Washroom, residences"
"Shadbolt House","317","Washroom, residences"
"Shadbolt House","337","Washroom, residences"
"Shadbolt House","417","Washroom, residences"
"Shadbolt House","437","Washroom, residences"
"Shadbolt House","517","Washroom, residences"
"Shadbolt House","537","Washroom, residences"
"Shadbolt House","617","Washroom, residences"
"Shadbolt House","637","Washroom, residences"
"Shadbolt House","717","Washroom, residences"
"Shadbolt House","737","Washroom, residences"
"Shell House Residence","142","Washroom, residences"
"Shell House Residence","109","Washroom, residences"
"Shell House Residence","108","Washroom, residences"
"Shell House Residence","129","Washroom, residences"
"Shell House Residence","128","Washroom, residences"
"Shell House Residence","139","Washroom, residences"
"Shell House Residence","255","Washroom, residences"
"Shell House Residence","252","Washroom, residences"
"Shell House Residence","251","Washroom, residences"
"Shell House Residence","250","Washroom, residences"
"Shell House Residence","211","Washroom, residences"
"Shell House Residence","214","Washroom, residences"
"Shell House Residence","234","Washroom, residences"
"Shell House Residence","235","Washroom, residences"
"Shell House Residence","346","Washroom, residences"
"Shell House Residence","311","Washroom, residences"
"Shell House Residence","314","Washroom, residences"
"Shell House Residence","353","Washroom, residences"
"Shell House Residence","354","Washroom, residences"
"Shell House Residence","455","Washroom, residences"
"Shell House Residence","454","Washroom, residences"
"Shell House Residence","447","Washroom, residences"
"Shell House Residence","415","Washroom, residences"
"Shell House Residence","412","Washroom, residences"
"Shrum Science Centre Biology","B724","Washroom, women's"
"Shrum Science Centre Biology","B726","Washroom, men's"
"Shrum Science Centre Biology","B825","Washroom, men's, accessible"
"Shrum Science Centre Biology","B824","Washroom, women's, accessible"
"Shrum Science Centre Chemistry","C7084","Washroom, multi-stall, accessible"
"Shrum Science Centre Chemistry","C7072","Washroom, women's, accessible"
"Shrum Science Centre Chemistry","C7074","Washroom, men's, accessible"
"Shrum Science Centre Chemistry","C8022","Washroom, single-stall"
"Shrum Science Centre Chemistry","C8021","Washroom, women's, accessible"
"Shrum Science Centre Chemistry","C8023","Washroom, men's, accessible"
"Shrum Science Centre Chemistry","C9012","Washroom, men's, accessible"
"Shrum Science Centre Chemistry","C9014","Washroom, women's, accessible"
"Shrum Science Centre Kinesiology","K765","Washroom, women's"
"Shrum Science Centre Kinesiology","K763","Washroom, men's"
"Shrum Science Centre Kinesiology","767","Washroom, women's, accessible"
"Shrum Science Centre Kinesiology","771","Washroom, men's, accessible"
"Shrum Science Centre Kinesiology","K865","Washroom, men's"
"Shrum Science Centre Kinesiology","K864","Washroom, women's, accessible"
"Shrum Science Centre Kinesiology","K854","Washroom, single-stall, accessible"
"Shrum Science Centre Kinesiology","K855","Washroom, men's"
"Shrum Science Centre Kinesiology","K857","Washroom, women's"
"Shrum Science Centre Kinesiology","K858","Washroom, single-stall, accessible"
"Shrum Science Centre Kinesiology","868","Washroom, men's, accessible"
"Shrum Science Centre Kinesiology","869","Washroom, women's, accessible"
"Shrum Science Centre Kinesiology","K964","Washroom, women's, accessible"
"Shrum Science Centre Kinesiology","K964A","Washroom, women's"
"Shrum Science Centre Kinesiology","K963","Washroom, men's"
"Shrum Science Centre Kinesiology","K952","Washroom, women's, accessible"
"Shrum Science Centre Kinesiology","K956","Washroom, men's, accessible"
"Shrum Science Centre Kinesiology","970","Washroom, men's, accessible"
"Shrum Science Centre Kinesiology","969","Washroom, women's, accessible"
"Shrum Science Centre Kinesiology","K958","Washroom, single-stall"
"Shrum Science Centre Kinesiology","K1051","Washroom, women's, accessible"
"Shrum Science Centre Kinesiology","K1055","Washroom, men's, accessible"
"Shrum Science Centre Physics","P750","Washroom, women's, accessible"
"Shrum Science Centre Physics","P751","Washroom, men's, accessible"
"Shrum Science Centre Physics","P850","Washroom, men's, accessible"
"Shrum Science Centre Physics","P848","Washroom, women's, accessible"
"Shrum Science Centre Physics","P8401A","Washroom, men's, accessible"
"Shrum Science Centre Physics","P8402A","Washroom, single-stall, accessible"
"Shrum Science Centre Physics","P945","Washroom, women's"
"Shrum Science Centre Physics","P947","Washroom, men's"
"South East Classroom Block","109","Washroom, women's, accessible"
"South East Classroom Block","108","Washroom, men's, accessible"
"South East Classroom Block","102","Washroom, single-stall, accessible"
"South Sciences Building","612","Washroom, men's, accessible"
"South Sciences Building","611","Washroom, women's, accessible"
"South Sciences Building","712","Washroom, men's, accessible"
"South Sciences Building","711","Washroom, women's, accessible"
"South Sciences Building","812","Washroom, men's, accessible"
"South Sciences Building","811","Washroom, women's, accessible"
"Strand Hall","126","Washroom, women's"
"Strand Hall","125","Washroom, women's"
"Strand Hall","128","Washroom, men's"
"Strand Hall","1059","Washroom, women's"
"Strand Hall","1058","Washroom, men's"
"Strand Hall","224","Washroom, single-stall"
"Strand Hall","225","Washroom, single-stall"
"Strand Hall","311","Washroom, women's"
"Strand Hall","326","Washroom, single-stall"
"Strand Hall","327","Washroom, women's"
"Strand Hall","325","Washroom, men's, accessible"
"Strand Hall","324","Washroom, single-stall"
"Strand Hall","3106","Washroom, single-stall, accessible"
"Student Union Building","1140","Washroom, single-stall"
"Student Union Building","1140.1","Washroom, accessible"
"Student Union Building","1140.2","Washroom, accessible"
"Student Union Building","1140.3","Washroom, single-stall"
"Student Union Building","1140.4","Washroom, single-stall"
"Student Union Building","1140.5","Washroom, single-stall"
"Student Union Building","1140.6","Washroom, single-stall"
"Student Union Building","2141","Washroom, single-stall, accessible"
"Student Union Building","2140","Washroom, men's"
"Student Union Building","2130","Washroom, women's"
"Student Union Building","3150","Washroom, single-stall, accessible"
"Student Union Building","3140","Washroom, men's"
"Student Union Building","3130","Washroom, women's"
"Student Union Building","4140","Washroom, men's"
"Student Union Building","4130","Washroom, women's"
"Student Union Building","4151","Washroom, single-stall, accessible"
"Student Union Building","5130","Washroom, women's"
"Student Union Building","5140","Washroom, men's"
"Student Union Building","5160","Washroom, single-stall, accessible"
"Surrey Campus","235","Washroom, single-stall, accessible"
"Surrey Campus","T227","Washroom, men's"
"Surrey Campus","T228","Washroom, single-stall, accessible"
"Surrey Campus","T226","Washroom, women's"
"Surrey Campus","2799","Washroom, single-stall, accessible"
"Surrey Campus","T235","Washroom, single-stall, accessible"
"Surrey Campus","T237","Washroom, women's"
"Surrey Campus","T229","Washroom, single-stall, accessible"
"Surrey Campus","T232","Washroom, women's"
"Surrey Campus","T210","Washroom, women's"
"Surrey Campus","T222","Washroom, men's"
"Surrey Campus","G305","Washroom, women's"
"Surrey Campus","G306","Washroom, men's"
"Surrey Campus","G319","Washroom, women's"
"Surrey Campus","G316","Washroom, single-stall, accessible"
"Surrey Campus","G317","Washroom, men's"
"Surrey Campus","T320","Washroom, single-stall, accessible"
"Surrey Campus","T322","Washroom, men's"
"Surrey Campus","T324","Washroom, women's"
"Surrey Campus","T312","Washroom, men's"
"Surrey Campus","T306","Washroom, women's"
"Surrey Campus","4372","Washroom, accessible"
"Surrey Campus","G419","Washroom, women's"
"Surrey Campus","G416","Washroom, single-stall, accessible"
"Surrey Campus","G417","Washroom, men's"
"Surrey Campus","G406","Washroom, men's"
"Surrey Campus","G405","Washroom, women's"
"Surrey Campus","G506","Washroom, men's"
"Surrey Campus","G505","Washroom, women's"
"Surrey Campus","G519","Washroom, women's"
"Surrey Campus","G516","Washroom, single-stall, accessible"
"Surrey Campus","G517","Washroom, men's"
"Surrey Campus","T1107","Washroom, women's"
"Surrey Campus","T1112","Washroom, men's"
"Surrey Campus","T1707","Washroom, women's"
"Surrey Campus","T1712","Washroom, men's"
"Surrey Memorial Hospital","101F","Washroom, single-stall"
"Surrey Memorial Hospital","106A","Washroom, single-stall"
"Sustainable Energy Engineering","1010","Washroom, single-stall"
"Sustainable Energy Engineering","1012","Washroom, women's"
"Sustainable Energy Engineering","1008","Washroom, men's"
"Sustainable Energy Engineering","2008","Washroom, men's"
"Sustainable Energy Engineering","2004","Washroom, women's"
"Sustainable Energy Engineering","3010","Washroom, single-stall"
"Sustainable Energy Engineering","3012","Washroom, men's"
"Sustainable Energy Engineering","3005","Washroom, women's"
"Sustainable Energy Engineering","4010","Washroom, single-stall"
"Sustainable Energy Engineering","4012","Washroom, men's"
"Sustainable Energy Engineering","4005","Washroom, women's"
"Sustainable Energy Engineering","5010","Washroom, single-stall"
"Sustainable Energy Engineering","5012","Washroom, men's"
"Sustainable Energy Engineering","5005","Washroom, women's"
"Technology and Science Complex 2","6101","Washroom, women's"
"Technology and Science Complex 2","6102","Washroom, men's"
"Technology and Science Complex 2","6403","Washroom, single-stall"
"Technology and Science Complex 2","6470.1","Washroom, single-stall"
"Technology and Science Complex 2","6746.1","Washroom, single-stall"
"Technology and Science Complex 2","7502","Washroom, women's, accessible"
"Technology and Science Complex 2","7601","Washroom, men's, accessible"
"Technology and Science Complex 2","7101","Washroom, women's, accessible"
"Technology and Science Complex 2","7102","Washroom, men's, accessible"